date,forecast_best,product_id,category
2024-12-28,5.378647804260254,P001,Clothes
2024-12-29,5.269628047943115,P001,Clothes
2024-12-30,5.2843475341796875,P001,Clothes
2024-12-31,5.39261531829834,P001,Clothes
2025-01-01,5.381326675415039,P001,Clothes
2025-01-02,5.435484409332275,P001,Clothes
2025-01-03,5.569772243499756,P001,Clothes
2025-01-04,5.6507649421691895,P001,Clothes
2025-01-05,5.659276962280273,P001,Clothes
2025-01-06,5.67275333404541,P001,Clothes
2025-01-07,5.686290264129639,P001,Clothes
2025-01-08,5.696224212646484,P001,Clothes
2025-01-09,5.706982612609863,P001,Clothes
2025-01-10,5.716416835784912,P001,Clothes
2025-01-11,5.721500396728516,P001,Clothes
2025-01-12,5.723908424377441,P001,Clothes
2025-01-13,5.726138114929199,P001,Clothes
2025-01-14,5.727978229522705,P001,Clothes
2025-01-15,5.729408264160156,P001,Clothes
2025-01-16,5.730550765991211,P001,Clothes
2025-01-17,5.731367111206055,P001,Clothes
2025-01-18,5.7318830490112305,P001,Clothes
2025-01-19,5.73223876953125,P001,Clothes
2025-01-20,5.732524871826172,P001,Clothes
2025-01-21,5.732745170593262,P001,Clothes
2025-01-22,5.73291015625,P001,Clothes
2025-01-23,5.733030796051025,P001,Clothes
2025-01-24,5.733116626739502,P001,Clothes
2025-01-25,5.7331767082214355,P001,Clothes
2025-01-26,5.733221054077148,P001,Clothes
2024-12-25,12.399651527404785,P002,Clothes
2024-12-26,12.121807098388672,P002,Clothes
2024-12-27,11.716911315917969,P002,Clothes
2024-12-28,11.526296615600586,P002,Clothes
2024-12-29,10.604029655456543,P002,Clothes
2024-12-30,10.343094825744629,P002,Clothes
2024-12-31,10.005069732666016,P002,Clothes
2025-01-01,9.7160005569458,P002,Clothes
2025-01-02,9.537896156311035,P002,Clothes
2025-01-03,9.374039649963379,P002,Clothes
2025-01-04,9.229809761047363,P002,Clothes
2025-01-05,9.096636772155762,P002,Clothes
2025-01-06,9.003374099731445,P002,Clothes
2025-01-07,8.922492027282715,P002,Clothes
2025-01-08,8.856842994689941,P002,Clothes
2025-01-09,8.804094314575195,P002,Clothes
2025-01-10,8.759552001953125,P002,Clothes
2025-01-11,8.722497940063477,P002,Clothes
2025-01-12,8.691991806030273,P002,Clothes
2025-01-13,8.667438507080078,P002,Clothes
2025-01-14,8.647115707397461,P002,Clothes
2025-01-15,8.630441665649414,P002,Clothes
2025-01-16,8.616734504699707,P002,Clothes
2025-01-17,8.605415344238281,P002,Clothes
2025-01-18,8.596108436584473,P002,Clothes
2025-01-19,8.58847427368164,P002,Clothes
2025-01-20,8.58221435546875,P002,Clothes
2025-01-21,8.577062606811523,P002,Clothes
2025-01-22,8.57282829284668,P002,Clothes
2025-01-23,8.56934642791748,P002,Clothes
2024-12-29,5.983602523803711,P003,Clothes
2024-12-30,5.990638732910156,P003,Clothes
2024-12-31,6.027349948883057,P003,Clothes
2025-01-01,5.991270065307617,P003,Clothes
2025-01-02,6.051721096038818,P003,Clothes
2025-01-03,5.973549842834473,P003,Clothes
2025-01-04,6.031124114990234,P003,Clothes
2025-01-05,6.087470054626465,P003,Clothes
2025-01-06,6.089676380157471,P003,Clothes
2025-01-07,6.091795444488525,P003,Clothes
2025-01-08,6.093207836151123,P003,Clothes
2025-01-09,6.09541654586792,P003,Clothes
2025-01-10,6.096314430236816,P003,Clothes
2025-01-11,6.098736763000488,P003,Clothes
2025-01-12,6.100094795227051,P003,Clothes
2025-01-13,6.100358486175537,P003,Clothes
2025-01-14,6.100581169128418,P003,Clothes
2025-01-15,6.100763320922852,P003,Clothes
2025-01-16,6.100918292999268,P003,Clothes
2025-01-17,6.101027965545654,P003,Clothes
2025-01-18,6.101122856140137,P003,Clothes
2025-01-19,6.101171016693115,P003,Clothes
2025-01-20,6.101192474365234,P003,Clothes
2025-01-21,6.10120964050293,P003,Clothes
2025-01-22,6.101222991943359,P003,Clothes
2025-01-23,6.101232528686523,P003,Clothes
2025-01-24,6.101239204406738,P003,Clothes
2025-01-25,6.101243495941162,P003,Clothes
2025-01-26,6.101245403289795,P003,Clothes
2025-01-27,6.101247787475586,P003,Clothes
2025-01-01,1.7367802470019158,P004,Electronics
2025-01-02,1.930437699215062,P004,Electronics
2025-01-03,1.8138457598790916,P004,Electronics
2025-01-04,1.7330157559557124,P004,Electronics
2025-01-05,2.137912731358534,P004,Electronics
2025-01-06,1.5930205982943422,P004,Electronics
2025-01-07,1.9396984159616175,P004,Electronics
2025-01-08,1.949929516101045,P004,Electronics
2025-01-09,2.195012342181721,P004,Electronics
2025-01-10,2.124230044457965,P004,Electronics
2025-01-11,2.0822740652067586,P004,Electronics
2025-01-12,2.517966850597506,P004,Electronics
2025-01-13,1.9948630787296697,P004,Electronics
2025-01-14,2.3536362064528085,P004,Electronics
2025-01-15,2.3658510916744957,P004,Electronics
2025-01-16,2.6026707868895183,P004,Electronics
2025-01-17,2.513533991242551,P004,Electronics
2025-01-18,2.4435780747649316,P004,Electronics
2025-01-19,2.8423527360503327,P004,Electronics
2025-01-20,2.274403857169633,P004,Electronics
2025-01-21,2.5816347791472696,P004,Electronics
2025-01-22,2.5370464108776103,P004,Electronics
2025-01-23,2.713405141622152,P004,Electronics
2025-01-24,2.561876112691768,P004,Electronics
2025-01-25,2.42939799430063,P004,Electronics
2025-01-26,2.767345690154823,P004,Electronics
2025-01-27,2.1420619850434175,P004,Electronics
2025-01-28,2.3971668583854298,P004,Electronics
2025-01-29,2.3072473811203325,P004,Electronics
2025-01-30,2.4464786314836564,P004,Electronics
2024-12-31,2.5465518657344792,P005,Electronics
2025-01-01,2.6328142223326285,P005,Electronics
2025-01-02,2.3370524585176704,P005,Electronics
2025-01-03,2.805730063266775,P005,Electronics
2025-01-04,3.4052744859503234,P005,Electronics
2025-01-05,3.1422147568457595,P005,Electronics
2025-01-06,2.9917485122399747,P005,Electronics
2025-01-07,2.8134279167991645,P005,Electronics
2025-01-08,2.88214750210931,P005,Electronics
2025-01-09,2.563917911861855,P005,Electronics
2025-01-10,3.005776646041379,P005,Electronics
2025-01-11,3.574815722714211,P005,Electronics
2025-01-12,3.2783028787293294,P005,Electronics
2025-01-13,3.0922305893482447,P005,Electronics
2025-01-14,2.8769828689248382,P005,Electronics
2025-01-15,2.908303362627708,P005,Electronics
2025-01-16,2.5530492193316743,P005,Electronics
2025-01-17,2.95908233296662,P005,Electronics
2025-01-18,3.4942783482638893,P005,Electronics
2025-01-19,3.1666304997043633,P005,Electronics
2025-01-20,2.952782970190659,P005,Electronics
2025-01-21,2.7136840869615466,P005,Electronics
2025-01-22,2.7255431609399037,P005,Electronics
2025-01-23,2.355575689650095,P005,Electronics
2025-01-24,2.7518886703626673,P005,Electronics
2025-01-25,3.282486505178616,P005,Electronics
2025-01-26,2.955374578463647,P005,Electronics
2025-01-27,2.7470951317382166,P005,Electronics
2025-01-28,2.5183856225680343,P005,Electronics
2025-01-29,2.5451431779291545,P005,Electronics
2024-12-30,2.0786997375374794,P006,Electronics
2024-12-31,1.8998598678106666,P006,Electronics
2025-01-01,2.3353976085924626,P006,Electronics
2025-01-02,2.0191843503953892,P006,Electronics
2025-01-03,1.8383661837301744,P006,Electronics
2025-01-04,2.246400126634266,P006,Electronics
2025-01-05,2.265655988416105,P006,Electronics
2025-01-06,2.1742250882571237,P006,Electronics
2025-01-07,2.011817895398874,P006,Electronics
2025-01-08,2.4644618035688777,P006,Electronics
2025-01-09,2.1656494623069342,P006,Electronics
2025-01-10,2.0020906722086123,P006,Electronics
2025-01-11,2.4267616587659084,P006,Electronics
2025-01-12,2.461522198171095,P006,Electronics
2025-01-13,2.383941322296536,P006,Electronics
2025-01-14,2.2332131107472692,P006,Electronics
2025-01-15,2.6948731743859407,P006,Electronics
2025-01-16,2.401965615067126,P006,Electronics
2025-01-17,2.240812821810974,P006,Electronics
2025-01-18,2.6640812837884793,P006,Electronics
2025-01-19,2.6934132927442462,P006,Electronics
2025-01-20,2.606264715168192,P006,Electronics
2025-01-21,2.4418298675491155,P006,Electronics
2025-01-22,2.8857637137050167,P006,Electronics
2025-01-23,2.571350886152285,P006,Electronics
2025-01-24,2.385273722590236,P006,Electronics
2025-01-25,2.7806724492468877,P006,Electronics
2025-01-26,2.7797674591987827,P006,Electronics
2025-01-27,2.6606840648100123,P006,Electronics
2025-01-28,2.463361075625328,P006,Electronics
2024-12-30,9.708432860525233,P007,Groceries
2024-12-31,8.954646475111563,P007,Groceries
2025-01-01,11.107789487240838,P007,Groceries
2025-01-02,10.066652294759155,P007,Groceries
2025-01-03,10.32677127752228,P007,Groceries
2025-01-04,10.257633222852837,P007,Groceries
2025-01-05,10.057578824583796,P007,Groceries
2025-01-06,9.96879410204911,P007,Groceries
2025-01-07,10.413764311971207,P007,Groceries
2025-01-08,10.178464283719183,P007,Groceries
2025-01-09,10.20005995664717,P007,Groceries
2025-01-10,10.18224959857031,P007,Groceries
2025-01-11,10.161997834445684,P007,Groceries
2025-01-12,10.156067260844896,P007,Groceries
2025-01-13,10.242538096678448,P007,Groceries
2025-01-14,10.18677817898803,P007,Groceries
2025-01-15,10.186157886566296,P007,Groceries
2025-01-16,10.184568999540518,P007,Groceries
2025-01-17,10.185622468650436,P007,Groceries
2025-01-18,10.185880286743627,P007,Groceries
2025-01-19,10.201338682025781,P007,Groceries
2025-01-20,10.18811680663639,P007,Groceries
2025-01-21,10.187608977750072,P007,Groceries
2025-01-22,10.18829009832295,P007,Groceries
2025-01-23,10.189555133562603,P007,Groceries
2025-01-24,10.189548186344505,P007,Groceries
2025-01-25,10.192018230927651,P007,Groceries
2025-01-26,10.189002042084883,P007,Groceries
2025-01-27,10.189009846519125,P007,Groceries
2025-01-28,10.189444004420272,P007,Groceries
2024-12-28,9.342885971069336,P008,Groceries
2024-12-29,9.532085418701172,P008,Groceries
2024-12-30,9.71565055847168,P008,Groceries
2024-12-31,9.763833045959473,P008,Groceries
2025-01-01,9.52274227142334,P008,Groceries
2025-01-02,9.422039031982422,P008,Groceries
2025-01-03,9.315384864807129,P008,Groceries
2025-01-04,9.19845199584961,P008,Groceries
2025-01-05,9.1907320022583,P008,Groceries
2025-01-06,9.167510032653809,P008,Groceries
2025-01-07,9.129861831665039,P008,Groceries
2025-01-08,9.086607933044434,P008,Groceries
2025-01-09,9.057428359985352,P008,Groceries
2025-01-10,9.032995223999023,P008,Groceries
2025-01-11,9.01401424407959,P008,Groceries
2025-01-12,9.001733779907227,P008,Groceries
2025-01-13,8.989013671875,P008,Groceries
2025-01-14,8.976994514465332,P008,Groceries
2025-01-15,8.966737747192383,P008,Groceries
2025-01-16,8.958732604980469,P008,Groceries
2025-01-17,8.952131271362305,P008,Groceries
2025-01-18,8.946720123291016,P008,Groceries
2025-01-19,8.942216873168945,P008,Groceries
2025-01-20,8.938230514526367,P008,Groceries
2025-01-21,8.934828758239746,P008,Groceries
2025-01-22,8.932010650634766,P008,Groceries
2025-01-23,8.929689407348633,P008,Groceries
2025-01-24,8.92774772644043,P008,Groceries
2025-01-25,8.926117897033691,P008,Groceries
2025-01-26,8.924739837646484,P008,Groceries
2024-12-27,5.9057536125183105,P009,Hot Beverages
2024-12-28,5.895981311798096,P009,Hot Beverages
2024-12-29,5.93658447265625,P009,Hot Beverages
2024-12-30,5.777066230773926,P009,Hot Beverages
2024-12-31,5.768254280090332,P009,Hot Beverages
2025-01-01,5.705540180206299,P009,Hot Beverages
2025-01-02,5.697774887084961,P009,Hot Beverages
2025-01-03,5.581099033355713,P009,Hot Beverages
2025-01-04,5.564686298370361,P009,Hot Beverages
2025-01-05,5.5487060546875,P009,Hot Beverages
2025-01-06,5.529460906982422,P009,Hot Beverages
2025-01-07,5.517580986022949,P009,Hot Beverages
2025-01-08,5.505502223968506,P009,Hot Beverages
2025-01-09,5.496013641357422,P009,Hot Beverages
2025-01-10,5.486197471618652,P009,Hot Beverages
2025-01-11,5.481640338897705,P009,Hot Beverages
2025-01-12,5.477671146392822,P009,Hot Beverages
2025-01-13,5.474285125732422,P009,Hot Beverages
2025-01-14,5.4716620445251465,P009,Hot Beverages
2025-01-15,5.469482898712158,P009,Hot Beverages
2025-01-16,5.467766284942627,P009,Hot Beverages
2025-01-17,5.466414451599121,P009,Hot Beverages
2025-01-18,5.465470790863037,P009,Hot Beverages
2025-01-19,5.464700698852539,P009,Hot Beverages
2025-01-20,5.464083194732666,P009,Hot Beverages
2025-01-21,5.463596820831299,P009,Hot Beverages
2025-01-22,5.4632134437561035,P009,Hot Beverages
2025-01-23,5.462913990020752,P009,Hot Beverages
2025-01-24,5.462682723999023,P009,Hot Beverages
2025-01-25,5.462505340576172,P009,Hot Beverages
2025-01-01,6.757172584533691,P010,Hot Beverages
2025-01-02,6.598724365234375,P010,Hot Beverages
2025-01-03,6.623528480529785,P010,Hot Beverages
2025-01-04,6.552341461181641,P010,Hot Beverages
2025-01-05,6.514072418212891,P010,Hot Beverages
2025-01-06,6.114981651306152,P010,Hot Beverages
2025-01-07,6.203339576721191,P010,Hot Beverages
2025-01-08,6.0744948387146,P010,Hot Beverages
2025-01-09,6.0437211990356445,P010,Hot Beverages
2025-01-10,6.017840385437012,P010,Hot Beverages
2025-01-11,5.990807056427002,P010,Hot Beverages
2025-01-12,5.96585750579834,P010,Hot Beverages
2025-01-13,5.942288875579834,P010,Hot Beverages
2025-01-14,5.934350490570068,P010,Hot Beverages
2025-01-15,5.922619819641113,P010,Hot Beverages
2025-01-16,5.915871620178223,P010,Hot Beverages
2025-01-17,5.910199165344238,P010,Hot Beverages
2025-01-18,5.905464172363281,P010,Hot Beverages
2025-01-19,5.901719093322754,P010,Hot Beverages
2025-01-20,5.898911952972412,P010,Hot Beverages
2025-01-21,5.896993160247803,P010,Hot Beverages
2025-01-22,5.895352840423584,P010,Hot Beverages
2025-01-23,5.8941497802734375,P010,Hot Beverages
2025-01-24,5.893193244934082,P010,Hot Beverages
2025-01-25,5.892446994781494,P010,Hot Beverages
2025-01-26,5.891874313354492,P010,Hot Beverages
2025-01-27,5.891442775726318,P010,Hot Beverages
2025-01-28,5.891113758087158,P010,Hot Beverages
2025-01-29,5.890855312347412,P010,Hot Beverages
2025-01-30,5.890656471252441,P010,Hot Beverages
2024-12-28,5.829069507583648,P011,Cold Beverages
2024-12-29,6.265767779696976,P011,Cold Beverages
2024-12-30,5.642865171017124,P011,Cold Beverages
2024-12-31,6.3165524165032885,P011,Cold Beverages
2025-01-01,5.97763256622316,P011,Cold Beverages
2025-01-02,5.419789375262491,P011,Cold Beverages
2025-01-03,5.874148068015391,P011,Cold Beverages
2025-01-04,5.63733402450759,P011,Cold Beverages
2025-01-05,6.0442815199738655,P011,Cold Beverages
2025-01-06,5.401946759705999,P011,Cold Beverages
2025-01-07,6.06753319371998,P011,Cold Beverages
2025-01-08,5.732491572754788,P011,Cold Beverages
2025-01-09,5.190750102975082,P011,Cold Beverages
2025-01-10,5.673249370898452,P011,Cold Beverages
2025-01-11,5.475988877952714,P011,Cold Beverages
2025-01-12,5.932838195367389,P011,Cold Beverages
2025-01-13,5.3492674100236215,P011,Cold Beverages
2025-01-14,6.080604799164192,P011,Cold Beverages
2025-01-15,5.816083663598463,P011,Cold Beverages
2025-01-16,5.347132664708008,P011,Cold Beverages
2025-01-17,5.901982864597008,P011,Cold Beverages
2025-01-18,5.773796411896639,P011,Cold Beverages
2025-01-19,6.293567610957545,P011,Cold Beverages
2025-01-20,5.7639484578599856,P011,Cold Beverages
2025-01-21,6.537603752590215,P011,Cold Beverages
2025-01-22,6.301354728380132,P011,Cold Beverages
2025-01-23,5.844562483519569,P011,Cold Beverages
2025-01-24,6.393821375525773,P011,Cold Beverages
2025-01-25,6.241164395297609,P011,Cold Beverages
2025-01-26,6.717028540353158,P011,Cold Beverages
2024-12-30,6.723452415134006,P012,Cold Beverages
2024-12-31,6.582797822887933,P012,Cold Beverages
2025-01-01,6.90969350375698,P012,Cold Beverages
2025-01-02,6.273761443197124,P012,Cold Beverages
2025-01-03,5.886058044650345,P012,Cold Beverages
2025-01-04,7.039632369701682,P012,Cold Beverages
2025-01-05,7.333669415698544,P012,Cold Beverages
2025-01-06,5.477043465310479,P012,Cold Beverages
2025-01-07,5.258763407194291,P012,Cold Beverages
2025-01-08,5.540521472874811,P012,Cold Beverages
2025-01-09,4.892763288209177,P012,Cold Beverages
2025-01-10,4.526445629827734,P012,Cold Beverages
2025-01-11,5.733603499540182,P012,Cold Beverages
2025-01-12,6.111528815601618,P012,Cold Beverages
2025-01-13,4.366384739213309,P012,Cold Beverages
2025-01-14,4.283735770717971,P012,Cold Beverages
2025-01-15,4.72120259705788,P012,Cold Beverages
2025-01-16,4.244656496187078,P012,Cold Beverages
2025-01-17,4.060116055602551,P012,Cold Beverages
2025-01-18,5.454463748906029,P012,Cold Beverages
2025-01-19,6.019780281872629,P012,Cold Beverages
2025-01-20,4.457116147894364,P012,Cold Beverages
2025-01-21,4.547175891085184,P012,Cold Beverages
2025-01-22,5.143119499997533,P012,Cold Beverages
2025-01-23,4.806891389905369,P012,Cold Beverages
2025-01-24,4.74123572211167,P012,Cold Beverages
2025-01-25,6.2305120522866915,P012,Cold Beverages
2025-01-26,6.865106229825884,P012,Cold Beverages
2025-01-27,5.345253649862089,P012,Cold Beverages
2025-01-28,5.451748740145925,P012,Cold Beverages
2024-12-30,2.116031000397618,P013,Utilities
2024-12-31,2.035735775753172,P013,Utilities
2025-01-01,2.0319130367672926,P013,Utilities
2025-01-02,2.03803848160888,P013,Utilities
2025-01-03,2.041470223916565,P013,Utilities
2025-01-04,2.037796630898647,P013,Utilities
2025-01-05,2.046582581457756,P013,Utilities
2025-01-06,2.0406411959200734,P013,Utilities
2025-01-07,2.040135127387944,P013,Utilities
2025-01-08,2.040922977163446,P013,Utilities
2025-01-09,2.0414507740484327,P013,Utilities
2025-01-10,2.0408672898228626,P013,Utilities
2025-01-11,2.041523505341777,P013,Utilities
2025-01-12,2.041117687945092,P013,Utilities
2025-01-13,2.0410679793394224,P013,Utilities
2025-01-14,2.0411382731719026,P013,Utilities
2025-01-15,2.0411994323760343,P013,Utilities
2025-01-16,2.0411321665536084,P013,Utilities
2025-01-17,2.041180414654759,P013,Utilities
2025-01-18,2.0411550857863574,P013,Utilities
2025-01-19,2.0411508609418005,P013,Utilities
2025-01-20,2.041155788910535,P013,Utilities
2025-01-21,2.041162109100371,P013,Utilities
2025-01-22,2.0411554198412123,P013,Utilities
2025-01-23,2.0411588951168,P013,Utilities
2025-01-24,2.04115749221247,P013,Utilities
2025-01-25,2.0411571744563934,P013,Utilities
2025-01-26,2.0411574237048224,P013,Utilities
2025-01-27,2.041158036299274,P013,Utilities
2025-01-28,2.0411574302376803,P013,Utilities
2025-01-01,2.4970626831054688,P014,Utilities
2025-01-02,2.5364880561828613,P014,Utilities
2025-01-03,2.4352774620056152,P014,Utilities
2025-01-04,2.4871785640716553,P014,Utilities
2025-01-05,2.5398752689361572,P014,Utilities
2025-01-06,2.6587164402008057,P014,Utilities
2025-01-07,2.635887384414673,P014,Utilities
2025-01-08,2.6941258907318115,P014,Utilities
2025-01-09,2.716403007507324,P014,Utilities
2025-01-10,2.7369608879089355,P014,Utilities
2025-01-11,2.7671101093292236,P014,Utilities
2025-01-12,2.79496169090271,P014,Utilities
2025-01-13,2.820420265197754,P014,Utilities
2025-01-14,2.8377795219421387,P014,Utilities
2025-01-15,2.858405828475952,P014,Utilities
2025-01-16,2.875577688217163,P014,Utilities
2025-01-17,2.892082929611206,P014,Utilities
2025-01-18,2.908071279525757,P014,Utilities
2025-01-19,2.922701358795166,P014,Utilities
2025-01-20,2.9360311031341553,P014,Utilities
2025-01-21,2.948183059692383,P014,Utilities
2025-01-22,2.959733247756958,P014,Utilities
2025-01-23,2.9703660011291504,P014,Utilities
2025-01-24,2.9803149700164795,P014,Utilities
2025-01-25,2.989590883255005,P014,Utilities
2025-01-26,2.998173952102661,P014,Utilities
2025-01-27,3.006131410598755,P014,Utilities
2025-01-28,3.0135293006896973,P014,Utilities
2025-01-29,3.020425319671631,P014,Utilities
2025-01-30,3.0267622470855713,P014,Utilities
2024-12-26,5.845973014831543,P015,Utilities
2024-12-27,5.783902645111084,P015,Utilities
2024-12-28,5.681898593902588,P015,Utilities
2024-12-29,5.15250825881958,P015,Utilities
2024-12-30,4.792971134185791,P015,Utilities
2024-12-31,4.80914831161499,P015,Utilities
2025-01-01,4.443747520446777,P015,Utilities
2025-01-02,4.449426651000977,P015,Utilities
2025-01-03,4.303892135620117,P015,Utilities
2025-01-04,4.155971050262451,P015,Utilities
2025-01-05,4.011074066162109,P015,Utilities
2025-01-06,3.900754928588867,P015,Utilities
2025-01-07,3.811472177505493,P015,Utilities
2025-01-08,3.7166948318481445,P015,Utilities
2025-01-09,3.6441328525543213,P015,Utilities
2025-01-10,3.5669994354248047,P015,Utilities
2025-01-11,3.497248888015747,P015,Utilities
2025-01-12,3.435173988342285,P015,Utilities
2025-01-13,3.3806920051574707,P015,Utilities
2025-01-14,3.33161997795105,P015,Utilities
2025-01-15,3.2866334915161133,P015,Utilities
2025-01-16,3.246429204940796,P015,Utilities
2025-01-17,3.209482192993164,P015,Utilities
2025-01-18,3.1763930320739746,P015,Utilities
2025-01-19,3.1467320919036865,P015,Utilities
2025-01-20,3.120089530944824,P015,Utilities
2025-01-21,3.096055746078491,P015,Utilities
2025-01-22,3.074371337890625,P015,Utilities
2025-01-23,3.054853677749634,P015,Utilities
2025-01-24,3.037264347076416,P015,Utilities
2025-01-01,2.1025008991406176,P016,Utilities
2025-01-02,2.2352714065660044,P016,Utilities
2025-01-03,2.4269791231572064,P016,Utilities
2025-01-04,3.1179552544613633,P016,Utilities
2025-01-05,2.4398222103473834,P016,Utilities
2025-01-06,1.9042214687237038,P016,Utilities
2025-01-07,2.2707025502377762,P016,Utilities
2025-01-08,1.9127313398597998,P016,Utilities
2025-01-09,2.055059585401013,P016,Utilities
2025-01-10,2.261297889837415,P016,Utilities
2025-01-11,2.971361466706548,P016,Utilities
2025-01-12,2.3163402297860562,P016,Utilities
2025-01-13,1.8072429911677086,P016,Utilities
2025-01-14,2.2029054293706034,P016,Utilities
2025-01-15,1.8760194877176182,P016,Utilities
2025-01-16,2.050525402305248,P016,Utilities
2025-01-17,2.2892080100981596,P016,Utilities
2025-01-18,3.0311659243619404,P016,Utilities
2025-01-19,2.4067044714494563,P016,Utilities
2025-01-20,1.926101510586292,P016,Utilities
2025-01-21,2.3475351900877737,P016,Utilities
2025-01-22,2.0431307534792937,P016,Utilities
2025-01-23,2.2363671255940045,P016,Utilities
2025-01-24,2.489684550376958,P016,Utilities
2025-01-25,3.241961589571376,P016,Utilities
2025-01-26,2.6234122062137955,P016,Utilities
2025-01-27,2.144351996201342,P016,Utilities
2025-01-28,2.563122674944327,P016,Utilities
2025-01-29,2.252132095210243,P016,Utilities
2025-01-30,2.435250791299425,P016,Utilities
2024-12-31,4.100863369601382,P017,Beauty
2025-01-01,3.775771439351139,P017,Beauty
2025-01-02,4.0125338254002445,P017,Beauty
2025-01-03,3.9300847518548037,P017,Beauty
2025-01-04,4.210254098575683,P017,Beauty
2025-01-05,4.084201806133522,P017,Beauty
2025-01-06,4.090900935349484,P017,Beauty
2025-01-07,4.425758044278137,P017,Beauty
2025-01-08,4.01041328454128,P017,Beauty
2025-01-09,4.1520572140466365,P017,Beauty
2025-01-10,3.971849192429396,P017,Beauty
2025-01-11,4.153906193111147,P017,Beauty
2025-01-12,3.931679047925557,P017,Beauty
2025-01-13,3.846377355956812,P017,Beauty
2025-01-14,4.095533282069062,P017,Beauty
2025-01-15,3.6027481611929435,P017,Beauty
2025-01-16,3.6769603290951935,P017,Beauty
2025-01-17,3.440820340296946,P017,Beauty
2025-01-18,3.5796435365497756,P017,Beauty
2025-01-19,3.327757916184543,P017,Beauty
2025-01-20,3.226909250152554,P017,Beauty
2025-01-21,3.4748141459737774,P017,Beauty
2025-01-22,2.994905200784583,P017,Beauty
2025-01-23,3.0956066344994477,P017,Beauty
2025-01-24,2.89872628142181,P017,Beauty
2025-01-25,3.0884333785193467,P017,Beauty
2025-01-26,2.8976393489140753,P017,Beauty
2025-01-27,2.866442570736618,P017,Beauty
2025-01-28,3.1907267010367435,P017,Beauty
2025-01-29,2.791955421640643,P017,Beauty
2024-12-23,4.208445274398598,P018,Makeup
2024-12-24,4.3294912854024,P018,Makeup
2024-12-25,4.666659840477809,P018,Makeup
2024-12-26,4.299216734420171,P018,Makeup
2024-12-27,4.140193101921624,P018,Makeup
2024-12-28,4.623584457358532,P018,Makeup
2024-12-29,4.317030091716427,P018,Makeup
2024-12-30,4.428391344351965,P018,Makeup
2024-12-31,4.4351075235111885,P018,Makeup
2025-01-01,4.344985252798414,P018,Makeup
2025-01-02,4.39815087537229,P018,Makeup
2025-01-03,4.417167395844355,P018,Makeup
2025-01-04,4.3849237820192135,P018,Makeup
2025-01-05,4.409903846825304,P018,Makeup
2025-01-06,4.396408286733148,P018,Makeup
2025-01-07,4.390469129317411,P018,Makeup
2025-01-08,4.401527809176073,P018,Makeup
2025-01-09,4.39790230900996,P018,Makeup
2025-01-10,4.397351768688736,P018,Makeup
2025-01-11,4.399821079155582,P018,Makeup
2025-01-12,4.396613729847695,P018,Makeup
2025-01-13,4.397501914383309,P018,Makeup
2025-01-14,4.398465366257159,P018,Makeup
2025-01-15,4.397658635431951,P018,Makeup
2025-01-16,4.398118978712145,P018,Makeup
2025-01-17,4.398040367581695,P018,Makeup
2025-01-18,4.397669876427282,P018,Makeup
2025-01-19,4.39796569731201,P018,Makeup
2025-01-20,4.3979430049774075,P018,Makeup
2025-01-21,4.397888101521663,P018,Makeup
2024-12-28,4.268631495435651,P019,Stationary
2024-12-29,4.149399089665298,P019,Stationary
2024-12-30,4.464271245646285,P019,Stationary
2024-12-31,4.679785173590235,P019,Stationary
2025-01-01,4.88654528064285,P019,Stationary
2025-01-02,4.648289018174957,P019,Stationary
2025-01-03,4.551498384219949,P019,Stationary
2025-01-04,4.565119631055901,P019,Stationary
2025-01-05,4.614132727132759,P019,Stationary
2025-01-06,4.642416154789897,P019,Stationary
2025-01-07,4.651060525977552,P019,Stationary
2025-01-08,4.621857705651302,P019,Stationary
2025-01-09,4.611509132559627,P019,Stationary
2025-01-10,4.616523305623529,P019,Stationary
2025-01-11,4.623508088664703,P019,Stationary
2025-01-12,4.626343299101256,P019,Stationary
2025-01-13,4.6256432694579255,P019,Stationary
2025-01-14,4.622133718649955,P019,Stationary
2025-01-15,4.621270540698898,P019,Stationary
2025-01-16,4.62226600628694,P019,Stationary
2025-01-17,4.623166528919985,P019,Stationary
2025-01-18,4.623360389141855,P019,Stationary
2025-01-19,4.6230949717767365,P019,Stationary
2025-01-20,4.622694691112085,P019,Stationary
2025-01-21,4.622657434763357,P019,Stationary
2025-01-22,4.622818799191883,P019,Stationary
2025-01-23,4.622922965962031,P019,Stationary
2025-01-24,4.62292182570291,P019,Stationary
2025-01-25,4.622872463617262,P019,Stationary
2025-01-26,4.622830444898303,P019,Stationary
2024-12-28,5.831565856933594,P020,Stationary
2024-12-29,6.013128757476807,P020,Stationary
2024-12-30,5.986219882965088,P020,Stationary
2024-12-31,5.7988080978393555,P020,Stationary
2025-01-01,5.724870681762695,P020,Stationary
2025-01-02,5.81180477142334,P020,Stationary
2025-01-03,5.9974446296691895,P020,Stationary
2025-01-04,6.1828718185424805,P020,Stationary
2025-01-05,6.226376533508301,P020,Stationary
2025-01-06,6.260721206665039,P020,Stationary
2025-01-07,6.296936988830566,P020,Stationary
2025-01-08,6.343649864196777,P020,Stationary
2025-01-09,6.394754886627197,P020,Stationary
2025-01-10,6.44217586517334,P020,Stationary
2025-01-11,6.480167388916016,P020,Stationary
2025-01-12,6.508645534515381,P020,Stationary
2025-01-13,6.535214900970459,P020,Stationary
2025-01-14,6.560382843017578,P020,Stationary
2025-01-15,6.583982467651367,P020,Stationary
2025-01-16,6.605390548706055,P020,Stationary
2025-01-17,6.6243391036987305,P020,Stationary
2025-01-18,6.640968322753906,P020,Stationary
2025-01-19,6.65576171875,P020,Stationary
2025-01-20,6.669218063354492,P020,Stationary
2025-01-21,6.6814165115356445,P020,Stationary
2025-01-22,6.692415237426758,P020,Stationary
2025-01-23,6.702279567718506,P020,Stationary
2025-01-24,6.711117267608643,P020,Stationary
2025-01-25,6.7190446853637695,P020,Stationary
2025-01-26,6.72617769241333,P020,Stationary
2024-12-31,2.195496082305908,P021,Travel Necessaries
2025-01-01,2.1657843589782715,P021,Travel Necessaries
2025-01-02,2.17685866355896,P021,Travel Necessaries
2025-01-03,2.2567224502563477,P021,Travel Necessaries
2025-01-04,2.1877050399780273,P021,Travel Necessaries
2025-01-05,2.157841682434082,P021,Travel Necessaries
2025-01-06,2.2340593338012695,P021,Travel Necessaries
2025-01-07,2.20283842086792,P021,Travel Necessaries
2025-01-08,2.2029943466186523,P021,Travel Necessaries
2025-01-09,2.2046000957489014,P021,Travel Necessaries
2025-01-10,2.2057793140411377,P021,Travel Necessaries
2025-01-11,2.2036256790161133,P021,Travel Necessaries
2025-01-12,2.2042856216430664,P021,Travel Necessaries
2025-01-13,2.206193208694458,P021,Travel Necessaries
2025-01-14,2.2050490379333496,P021,Travel Necessaries
2025-01-15,2.20513653755188,P021,Travel Necessaries
2025-01-16,2.2052268981933594,P021,Travel Necessaries
2025-01-17,2.205252170562744,P021,Travel Necessaries
2025-01-18,2.205228328704834,P021,Travel Necessaries
2025-01-19,2.205294132232666,P021,Travel Necessaries
2025-01-20,2.2053356170654297,P021,Travel Necessaries
2025-01-21,2.2052998542785645,P021,Travel Necessaries
2025-01-22,2.205310344696045,P021,Travel Necessaries
2025-01-23,2.205317258834839,P021,Travel Necessaries
2025-01-24,2.205320358276367,P021,Travel Necessaries
2025-01-25,2.2053232192993164,P021,Travel Necessaries
2025-01-26,2.205327272415161,P021,Travel Necessaries
2025-01-27,2.2053284645080566,P021,Travel Necessaries
2025-01-28,2.2053282260894775,P021,Travel Necessaries
2025-01-29,2.205329179763794,P021,Travel Necessaries
2024-12-31,1.3742743874701033,P022,Travel Necessaries
2025-01-01,1.5488286081314537,P022,Travel Necessaries
2025-01-02,1.4565791561962653,P022,Travel Necessaries
2025-01-03,1.7585072958914536,P022,Travel Necessaries
2025-01-04,1.889151214810666,P022,Travel Necessaries
2025-01-05,1.8324714548914982,P022,Travel Necessaries
2025-01-06,1.6223640361378515,P022,Travel Necessaries
2025-01-07,1.6840746290125987,P022,Travel Necessaries
2025-01-08,1.708358587530201,P022,Travel Necessaries
2025-01-09,1.7562841568019707,P022,Travel Necessaries
2025-01-10,1.7507282880295407,P022,Travel Necessaries
2025-01-11,1.7221264328053443,P022,Travel Necessaries
2025-01-12,1.7048340734715344,P022,Travel Necessaries
2025-01-13,1.7219443337282452,P022,Travel Necessaries
2025-01-14,1.7283634543141801,P022,Travel Necessaries
2025-01-15,1.731577907799863,P022,Travel Necessaries
2025-01-16,1.7262027697182272,P022,Travel Necessaries
2025-01-17,1.7218043538307894,P022,Travel Necessaries
2025-01-18,1.7223636856329545,P022,Travel Necessaries
2025-01-19,1.7256846373772499,P022,Travel Necessaries
2025-01-20,1.7261700600349266,P022,Travel Necessaries
2025-01-21,1.7256435208831555,P022,Travel Necessaries
2025-01-22,1.7245020622190257,P022,Travel Necessaries
2025-01-23,1.7242879822209123,P022,Travel Necessaries
2025-01-24,1.7248198072342382,P022,Travel Necessaries
2025-01-25,1.7252429209919147,P022,Travel Necessaries
2025-01-26,1.725119137592636,P022,Travel Necessaries
2025-01-27,1.7249151313221698,P022,Travel Necessaries
2025-01-28,1.7247914226123047,P022,Travel Necessaries
2025-01-29,1.7248641071222965,P022,Travel Necessaries
2025-01-01,10.325371452520073,P023,Sweets
2025-01-02,9.756087543124508,P023,Sweets
2025-01-03,10.206073870640765,P023,Sweets
2025-01-04,13.154015469779749,P023,Sweets
2025-01-05,10.870846352114743,P023,Sweets
2025-01-06,10.33486423218491,P023,Sweets
2025-01-07,10.481443408567097,P023,Sweets
2025-01-08,9.624105252471853,P023,Sweets
2025-01-09,8.979256148089366,P023,Sweets
2025-01-10,9.363901673339242,P023,Sweets
2025-01-11,12.256015649018643,P023,Sweets
2025-01-12,9.925675716269641,P023,Sweets
2025-01-13,9.350224386656379,P023,Sweets
2025-01-14,9.4640290318054,P023,Sweets
2025-01-15,8.57959875770431,P023,Sweets
2025-01-16,7.912366558489727,P023,Sweets
2025-01-17,8.278444189030724,P023,Sweets
2025-01-18,11.155027171968563,P023,Sweets
2025-01-19,8.81156055756702,P023,Sweets
2025-01-20,8.224923537046195,P023,Sweets
2025-01-21,8.329205752453232,P023,Sweets
2025-01-22,7.436832858496836,P023,Sweets
2025-01-23,6.763349583427483,P023,Sweets
2025-01-24,7.125167823198932,P023,Sweets
2025-01-25,9.999957515148708,P023,Sweets
2025-01-26,7.657791463078799,P023,Sweets
2025-01-27,7.076302970620093,P023,Sweets
2025-01-28,7.190430060158108,P023,Sweets
2025-01-29,6.313504914484405,P023,Sweets
2025-01-30,5.661997983834537,P023,Sweets
2025-01-01,12.608043628289781,P024,Sweets
2025-01-02,12.12558307229967,P024,Sweets
2025-01-03,11.015367359653704,P024,Sweets
2025-01-04,10.756082442325434,P024,Sweets
2025-01-05,10.672349399298454,P024,Sweets
2025-01-06,11.291772383879161,P024,Sweets
2025-01-07,11.353895591611131,P024,Sweets
2025-01-08,11.17195387596748,P024,Sweets
2025-01-09,11.055394243499583,P024,Sweets
2025-01-10,11.04381478314568,P024,Sweets
2025-01-11,11.119102828997738,P024,Sweets
2025-01-12,11.169761141397343,P024,Sweets
2025-01-13,11.144550530702439,P024,Sweets
2025-01-14,11.116803147836565,P024,Sweets
2025-01-15,11.10877854978973,P024,Sweets
2025-01-16,11.119245359082338,P024,Sweets
2025-01-17,11.130773288742853,P024,Sweets
2025-01-18,11.130272500241706,P024,Sweets
2025-01-19,11.124499614597228,P024,Sweets
2025-01-20,11.12180884781777,P024,Sweets
2025-01-21,11.122899917916351,P024,Sweets
2025-01-22,11.125180038194303,P024,Sweets
2025-01-23,11.12578169684317,P024,Sweets
2025-01-24,11.124897876052842,P024,Sweets
2025-01-25,11.124161286820499,P024,Sweets
2025-01-26,11.124176896168862,P024,Sweets
2025-01-27,11.124572589963956,P024,Sweets
2025-01-28,11.124792916733352,P024,Sweets
2025-01-29,11.124697359052353,P024,Sweets
2025-01-30,11.124536789702695,P024,Sweets
2024-12-31,18.797950744628906,P025,Clothes
2025-01-01,18.502117156982422,P025,Clothes
2025-01-02,18.03594970703125,P025,Clothes
2025-01-03,17.004301071166992,P025,Clothes
2025-01-04,15.217844009399414,P025,Clothes
2025-01-05,14.27846908569336,P025,Clothes
2025-01-06,14.12967586517334,P025,Clothes
2025-01-07,13.53486442565918,P025,Clothes
2025-01-08,13.123798370361328,P025,Clothes
2025-01-09,12.734482765197754,P025,Clothes
2025-01-10,12.375020980834961,P025,Clothes
2025-01-11,12.067790985107422,P025,Clothes
2025-01-12,11.840137481689453,P025,Clothes
2025-01-13,11.655064582824707,P025,Clothes
2025-01-14,11.480408668518066,P025,Clothes
2025-01-15,11.334113121032715,P025,Clothes
2025-01-16,11.208063125610352,P025,Clothes
2025-01-17,11.100881576538086,P025,Clothes
2025-01-18,11.010831832885742,P025,Clothes
2025-01-19,10.93532657623291,P025,Clothes
2025-01-20,10.870804786682129,P025,Clothes
2025-01-21,10.815326690673828,P025,Clothes
2025-01-22,10.768247604370117,P025,Clothes
2025-01-23,10.728218078613281,P025,Clothes
2025-01-24,10.694245338439941,P025,Clothes
2025-01-25,10.665419578552246,P025,Clothes
2025-01-26,10.640921592712402,P025,Clothes
2025-01-27,10.620060920715332,P025,Clothes
2025-01-28,10.602312088012695,P025,Clothes
2025-01-29,10.587228775024414,P025,Clothes
2025-01-01,6.019363880157471,P026,Clothes
2025-01-02,5.952057838439941,P026,Clothes
2025-01-03,5.917682647705078,P026,Clothes
2025-01-04,5.936110973358154,P026,Clothes
2025-01-05,5.953161716461182,P026,Clothes
2025-01-06,5.96977424621582,P026,Clothes
2025-01-07,6.014147758483887,P026,Clothes
2025-01-08,6.014895439147949,P026,Clothes
2025-01-09,6.0155816078186035,P026,Clothes
2025-01-10,6.016854286193848,P026,Clothes
2025-01-11,6.018299102783203,P026,Clothes
2025-01-12,6.019408226013184,P026,Clothes
2025-01-13,6.0202317237854,P026,Clothes
2025-01-14,6.020801544189453,P026,Clothes
2025-01-15,6.020910739898682,P026,Clothes
2025-01-16,6.021002769470215,P026,Clothes
2025-01-17,6.0210795402526855,P026,Clothes
2025-01-18,6.021134853363037,P026,Clothes
2025-01-19,6.021171569824219,P026,Clothes
2025-01-20,6.021193981170654,P026,Clothes
2025-01-21,6.021206378936768,P026,Clothes
2025-01-22,6.021211624145508,P026,Clothes
2025-01-23,6.021215915679932,P026,Clothes
2025-01-24,6.021219253540039,P026,Clothes
2025-01-25,6.021220684051514,P026,Clothes
2025-01-26,6.021221160888672,P026,Clothes
2025-01-27,6.0212225914001465,P026,Clothes
2025-01-28,6.0212225914001465,P026,Clothes
2025-01-29,6.0212225914001465,P026,Clothes
2025-01-30,6.021223068237305,P026,Clothes
2024-12-31,3.381556987762451,P027,Beauty
2025-01-01,3.419127941131592,P027,Beauty
2025-01-02,3.37654447555542,P027,Beauty
2025-01-03,3.390594482421875,P027,Beauty
2025-01-04,3.4021081924438477,P027,Beauty
2025-01-05,3.3872745037078857,P027,Beauty
2025-01-06,3.3750407695770264,P027,Beauty
2025-01-07,3.411992073059082,P027,Beauty
2025-01-08,3.413210153579712,P027,Beauty
2025-01-09,3.4137022495269775,P027,Beauty
2025-01-10,3.4152586460113525,P027,Beauty
2025-01-11,3.416452646255493,P027,Beauty
2025-01-12,3.4173240661621094,P027,Beauty
2025-01-13,3.418522357940674,P027,Beauty
2025-01-14,3.4199275970458984,P027,Beauty
2025-01-15,3.420280933380127,P027,Beauty
2025-01-16,3.420593500137329,P027,Beauty
2025-01-17,3.420877695083618,P027,Beauty
2025-01-18,3.421107769012451,P027,Beauty
2025-01-19,3.421292543411255,P027,Beauty
2025-01-20,3.421443223953247,P027,Beauty
2025-01-21,3.4215526580810547,P027,Beauty
2025-01-22,3.421618938446045,P027,Beauty
2025-01-23,3.421673536300659,P027,Beauty
2025-01-24,3.4217164516448975,P027,Beauty
2025-01-25,3.4217498302459717,P027,Beauty
2025-01-26,3.4217748641967773,P027,Beauty
2025-01-27,3.4217934608459473,P027,Beauty
2025-01-28,3.421807050704956,P027,Beauty
2025-01-29,3.4218173027038574,P027,Beauty
2025-01-01,7.967989976086953,P028,Sweets
2025-01-02,8.36847544254486,P028,Sweets
2025-01-03,8.792394592642287,P028,Sweets
2025-01-04,8.470414058491908,P028,Sweets
2025-01-05,7.787601419221229,P028,Sweets
2025-01-06,7.61559707013788,P028,Sweets
2025-01-07,8.11227928424415,P028,Sweets
2025-01-08,8.184971614348305,P028,Sweets
2025-01-09,8.192331099345258,P028,Sweets
2025-01-10,8.102123485673447,P028,Sweets
2025-01-11,7.990819871644939,P028,Sweets
2025-01-12,8.010693995351273,P028,Sweets
2025-01-13,8.092262801632497,P028,Sweets
2025-01-14,8.098050991690615,P028,Sweets
2025-01-15,8.088634306258959,P028,Sweets
2025-01-16,8.068827156891498,P028,Sweets
2025-01-17,8.05485803711957,P028,Sweets
2025-01-18,8.065099960230055,P028,Sweets
2025-01-19,8.077546791146736,P028,Sweets
2025-01-20,8.076560445931444,P028,Sweets
2025-01-21,8.073332229979036,P028,Sweets
2025-01-22,8.069770942517204,P028,Sweets
2025-01-23,8.068690982667933,P028,Sweets
2025-01-24,8.07127678805124,P028,Sweets
2025-01-25,8.072946506571679,P028,Sweets
2025-01-26,8.072364296979055,P028,Sweets
2025-01-27,8.0716124505888,P028,Sweets
2025-01-28,8.071089963712843,P028,Sweets
2025-01-29,8.071160470820402,P028,Sweets
2025-01-30,8.071675968180763,P028,Sweets
2024-12-28,2.7148542404174805,P029,Electronics
2024-12-29,2.7150192260742188,P029,Electronics
2024-12-30,2.6506972312927246,P029,Electronics
2024-12-31,2.5509626865386963,P029,Electronics
2025-01-01,2.5563061237335205,P029,Electronics
2025-01-02,2.563699960708618,P029,Electronics
2025-01-03,2.425766944885254,P029,Electronics
2025-01-04,2.3621208667755127,P029,Electronics
2025-01-05,2.3456718921661377,P029,Electronics
2025-01-06,2.3297677040100098,P029,Electronics
2025-01-07,2.31661057472229,P029,Electronics
2025-01-08,2.306913137435913,P029,Electronics
2025-01-09,2.297560453414917,P029,Electronics
2025-01-10,2.2882654666900635,P029,Electronics
2025-01-11,2.2831239700317383,P029,Electronics
2025-01-12,2.279963254928589,P029,Electronics
2025-01-13,2.2774085998535156,P029,Electronics
2025-01-14,2.2754037380218506,P029,Electronics
2025-01-15,2.2738447189331055,P029,Electronics
2025-01-16,2.272616147994995,P029,Electronics
2025-01-17,2.271695852279663,P029,Electronics
2025-01-18,2.271066904067993,P029,Electronics
2025-01-19,2.2706055641174316,P029,Electronics
2025-01-20,2.270250082015991,P029,Electronics
2025-01-21,2.2699801921844482,P029,Electronics
2025-01-22,2.2697761058807373,P029,Electronics
2025-01-23,2.269623279571533,P029,Electronics
2025-01-24,2.2695109844207764,P029,Electronics
2025-01-25,2.269428014755249,P029,Electronics
2025-01-26,2.2693662643432617,P029,Electronics
2024-12-29,10.842876431240063,P030,Groceries
2024-12-30,9.794324155341368,P030,Groceries
2024-12-31,10.64550904424471,P030,Groceries
2025-01-01,9.874917356658948,P030,Groceries
2025-01-02,9.126449031029653,P030,Groceries
2025-01-03,9.338315467918024,P030,Groceries
2025-01-04,10.102670835827748,P030,Groceries
2025-01-05,10.532852875017197,P030,Groceries
2025-01-06,9.52177771380329,P030,Groceries
2025-01-07,10.411356871397857,P030,Groceries
2025-01-08,9.679477478136409,P030,Groceries
2025-01-09,8.969488728818476,P030,Groceries
2025-01-10,9.219103833634284,P030,Groceries
2025-01-11,10.020033293249575,P030,Groceries
2025-01-12,10.485225635491632,P030,Groceries
2025-01-13,9.507260364212344,P030,Groceries
2025-01-14,10.427761592526666,P030,Groceries
2025-01-15,9.724373738875071,P030,Groceries
2025-01-16,9.040242683499537,P030,Groceries
2025-01-17,9.312912050123748,P030,Groceries
2025-01-18,10.133950841580406,P030,Groceries
2025-01-19,10.616188954100267,P030,Groceries
2025-01-20,9.652105676880183,P030,Groceries
2025-01-21,10.58323995943358,P030,Groceries
2025-01-22,9.88716407557995,P030,Groceries
2025-01-23,9.206964261667418,P030,Groceries
2025-01-24,9.480138094232911,P030,Groceries
2025-01-25,10.298224851360091,P030,Groceries
2025-01-26,10.77404531013964,P030,Groceries
2025-01-27,9.800095927782923,P030,Groceries
2025-01-01,11.879063606262207,P031,Groceries
2025-01-02,11.968074798583984,P031,Groceries
2025-01-03,11.979337692260742,P031,Groceries
2025-01-04,11.95103645324707,P031,Groceries
2025-01-05,11.787403106689453,P031,Groceries
2025-01-06,11.444293022155762,P031,Groceries
2025-01-07,11.126646041870117,P031,Groceries
2025-01-08,11.161577224731445,P031,Groceries
2025-01-09,11.128192901611328,P031,Groceries
2025-01-10,11.0910005569458,P031,Groceries
2025-01-11,11.053258895874023,P031,Groceries
2025-01-12,11.016373634338379,P031,Groceries
2025-01-13,10.985201835632324,P031,Groceries
2025-01-14,10.966124534606934,P031,Groceries
2025-01-15,10.958821296691895,P031,Groceries
2025-01-16,10.950199127197266,P031,Groceries
2025-01-17,10.942733764648438,P031,Groceries
2025-01-18,10.9365873336792,P031,Groceries
2025-01-19,10.931777000427246,P031,Groceries
2025-01-20,10.928269386291504,P031,Groceries
2025-01-21,10.925877571105957,P031,Groceries
2025-01-22,10.924176216125488,P031,Groceries
2025-01-23,10.92272663116455,P031,Groceries
2025-01-24,10.921586990356445,P031,Groceries
2025-01-25,10.920714378356934,P031,Groceries
2025-01-26,10.92005729675293,P031,Groceries
2025-01-27,10.919571876525879,P031,Groceries
2025-01-28,10.919211387634277,P031,Groceries
2025-01-29,10.918932914733887,P031,Groceries
2025-01-30,10.918716430664062,P031,Groceries
2024-12-31,9.21030170486365,P032,Groceries
2025-01-01,9.407836341189334,P032,Groceries
2025-01-02,7.854097501636602,P032,Groceries
2025-01-03,8.448416864116151,P032,Groceries
2025-01-04,8.636878122286161,P032,Groceries
2025-01-05,8.657218396004652,P032,Groceries
2025-01-06,7.763810529044866,P032,Groceries
2025-01-07,8.30634878089506,P032,Groceries
2025-01-08,8.654319398597881,P032,Groceries
2025-01-09,7.266457290602098,P032,Groceries
2025-01-10,8.036318924517992,P032,Groceries
2025-01-11,8.404048883099009,P032,Groceries
2025-01-12,8.601470535102232,P032,Groceries
2025-01-13,7.877254603825849,P032,Groceries
2025-01-14,8.575782266514317,P032,Groceries
2025-01-15,9.061778710539569,P032,Groceries
2025-01-16,7.789913297029501,P032,Groceries
2025-01-17,8.650492030088653,P032,Groceries
2025-01-18,9.081316128485408,P032,Groceries
2025-01-19,9.312834418079953,P032,Groceries
2025-01-20,8.59334157310247,P032,Groceries
2025-01-21,9.26783812133188,P032,Groceries
2025-01-22,9.70262847777081,P032,Groceries
2025-01-23,8.35485453908229,P032,Groceries
2025-01-24,9.118092914673255,P032,Groceries
2025-01-25,9.434092886827463,P032,Groceries
2025-01-26,9.537786923303303,P032,Groceries
2025-01-27,8.682330551874653,P032,Groceries
2025-01-28,9.217792814219125,P032,Groceries
2025-01-29,9.515579215004614,P032,Groceries
2024-12-31,14.685215869054774,P033,Clothes
2025-01-01,16.724605241463763,P033,Clothes
2025-01-02,16.067550329117694,P033,Clothes
2025-01-03,16.300803188271985,P033,Clothes
2025-01-04,15.5768279580903,P033,Clothes
2025-01-05,15.885901417245451,P033,Clothes
2025-01-06,15.919143353935606,P033,Clothes
2025-01-07,16.05758471222584,P033,Clothes
2025-01-08,15.952073228130761,P033,Clothes
2025-01-09,15.930292748879644,P033,Clothes
2025-01-10,15.90650648891452,P033,Clothes
2025-01-11,15.946069221243338,P033,Clothes
2025-01-12,15.952545256590527,P033,Clothes
2025-01-13,15.951794039215585,P033,Clothes
2025-01-14,15.938905009469329,P033,Clothes
2025-01-15,15.938493274400322,P033,Clothes
2025-01-16,15.940986245892923,P033,Clothes
2025-01-17,15.944707559866256,P033,Clothes
2025-01-18,15.943986035399295,P033,Clothes
2025-01-19,15.942654233047007,P033,Clothes
2025-01-20,15.941801961740635,P033,Clothes
2025-01-21,15.94234731159286,P033,Clothes
2025-01-22,15.942839572343594,P033,Clothes
2025-01-23,15.942948435719195,P033,Clothes
2025-01-24,15.942685023843476,P033,Clothes
2025-01-25,15.94254573762439,P033,Clothes
2025-01-26,15.942574233555577,P033,Clothes
2025-01-27,15.942675286504869,P033,Clothes
2025-01-28,15.942701376228408,P033,Clothes
2025-01-29,15.942672183873064,P033,Clothes
2025-01-01,5.34697151184082,P034,Stationary
2025-01-02,5.388400077819824,P034,Stationary
2025-01-03,5.542117118835449,P034,Stationary
2025-01-04,5.5257463455200195,P034,Stationary
2025-01-05,5.548813343048096,P034,Stationary
2025-01-06,5.364548206329346,P034,Stationary
2025-01-07,5.527960300445557,P034,Stationary
2025-01-08,5.603747844696045,P034,Stationary
2025-01-09,5.622007846832275,P034,Stationary
2025-01-10,5.63829231262207,P034,Stationary
2025-01-11,5.648315906524658,P034,Stationary
2025-01-12,5.658411026000977,P034,Stationary
2025-01-13,5.668111801147461,P034,Stationary
2025-01-14,5.685418128967285,P034,Stationary
2025-01-15,5.695202827453613,P034,Stationary
2025-01-16,5.7016496658325195,P034,Stationary
2025-01-17,5.707245349884033,P034,Stationary
2025-01-18,5.712076187133789,P034,Stationary
2025-01-19,5.716405391693115,P034,Stationary
2025-01-20,5.720272064208984,P034,Stationary
2025-01-21,5.723637104034424,P034,Stationary
2025-01-22,5.726203441619873,P034,Stationary
2025-01-23,5.728316783905029,P034,Stationary
2025-01-24,5.730125904083252,P034,Stationary
2025-01-25,5.731667995452881,P034,Stationary
2025-01-26,5.732980251312256,P034,Stationary
2025-01-27,5.73408842086792,P034,Stationary
2025-01-28,5.735012054443359,P034,Stationary
2025-01-29,5.73577880859375,P034,Stationary
2025-01-30,5.736423969268799,P034,Stationary
2024-12-28,8.71721076965332,P035,Groceries
2024-12-29,8.366050720214844,P035,Groceries
2024-12-30,8.4854154586792,P035,Groceries
2024-12-31,8.640811920166016,P035,Groceries
2025-01-01,8.875608444213867,P035,Groceries
2025-01-02,8.913949012756348,P035,Groceries
2025-01-03,9.083832740783691,P035,Groceries
2025-01-04,9.138319969177246,P035,Groceries
2025-01-05,9.15821647644043,P035,Groceries
2025-01-06,9.195414543151855,P035,Groceries
2025-01-07,9.229255676269531,P035,Groceries
2025-01-08,9.25729751586914,P035,Groceries
2025-01-09,9.275896072387695,P035,Groceries
2025-01-10,9.2935209274292,P035,Groceries
2025-01-11,9.30368423461914,P035,Groceries
2025-01-12,9.311689376831055,P035,Groceries
2025-01-13,9.319108963012695,P035,Groceries
2025-01-14,9.325162887573242,P035,Groceries
2025-01-15,9.329861640930176,P035,Groceries
2025-01-16,9.333433151245117,P035,Groceries
2025-01-17,9.336265563964844,P035,Groceries
2025-01-18,9.338360786437988,P035,Groceries
2025-01-19,9.340059280395508,P035,Groceries
2025-01-20,9.341449737548828,P035,Groceries
2025-01-21,9.342546463012695,P035,Groceries
2025-01-22,9.343399047851562,P035,Groceries
2025-01-23,9.344064712524414,P035,Groceries
2025-01-24,9.344588279724121,P035,Groceries
2025-01-25,9.344996452331543,P035,Groceries
2025-01-26,9.345320701599121,P035,Groceries
2024-12-29,5.799176269749799,P036,Beauty
2024-12-30,5.394305816136033,P036,Beauty
2024-12-31,4.715212804316675,P036,Beauty
2025-01-01,5.697050091739525,P036,Beauty
2025-01-02,5.306600375797192,P036,Beauty
2025-01-03,4.933011609974154,P036,Beauty
2025-01-04,5.492339033396009,P036,Beauty
2025-01-05,5.530202670789986,P036,Beauty
2025-01-06,5.080773682969534,P036,Beauty
2025-01-07,4.363640373964755,P036,Beauty
2025-01-08,5.3142695413348715,P036,Beauty
2025-01-09,4.8995847767001175,P036,Beauty
2025-01-10,4.508701711982391,P036,Beauty
2025-01-11,5.057474656515719,P036,Beauty
2025-01-12,5.091163364419602,P036,Beauty
2025-01-13,4.643433058988409,P036,Beauty
2025-01-14,3.933238137070022,P036,Beauty
2025-01-15,4.895304737161947,P036,Beauty
2025-01-16,4.495733169640913,P036,Beauty
2025-01-17,4.122759507076264,P036,Beauty
2025-01-18,4.691330013225335,P036,Beauty
2025-01-19,4.745796336498772,P036,Beauty
2025-01-20,4.318943757784781,P036,Beauty
2025-01-21,3.628902079590603,P036,Beauty
2025-01-22,4.609653530510566,P036,Beauty
2025-01-23,4.226657923287617,P036,Beauty
2025-01-24,3.867633677540166,P036,Beauty
2025-01-25,4.447147792409358,P036,Beauty
2025-01-26,4.509322213917156,P036,Beauty
2025-01-27,4.086868532909897,P036,Beauty
2025-01-01,6.501343250274658,P037,Clothes
2025-01-02,6.602962017059326,P037,Clothes
2025-01-03,6.335921764373779,P037,Clothes
2025-01-04,5.876917839050293,P037,Clothes
2025-01-05,5.968875408172607,P037,Clothes
2025-01-06,5.825536727905273,P037,Clothes
2025-01-07,5.941621780395508,P037,Clothes
2025-01-08,6.06192684173584,P037,Clothes
2025-01-09,6.04303503036499,P037,Clothes
2025-01-10,6.017003059387207,P037,Clothes
2025-01-11,6.002302646636963,P037,Clothes
2025-01-12,6.007844924926758,P037,Clothes
2025-01-13,6.00925874710083,P037,Clothes
2025-01-14,6.018030643463135,P037,Clothes
2025-01-15,6.021829605102539,P037,Clothes
2025-01-16,6.02004337310791,P037,Clothes
2025-01-17,6.018980026245117,P037,Clothes
2025-01-18,6.019073963165283,P037,Clothes
2025-01-19,6.019848346710205,P037,Clothes
2025-01-20,6.020412921905518,P037,Clothes
2025-01-21,6.020959377288818,P037,Clothes
2025-01-22,6.02111291885376,P037,Clothes
2025-01-23,6.0210862159729,P037,Clothes
2025-01-24,6.0211381912231445,P037,Clothes
2025-01-25,6.021241664886475,P037,Clothes
2025-01-26,6.0213446617126465,P037,Clothes
2025-01-27,6.021416664123535,P037,Clothes
2025-01-28,6.021467208862305,P037,Clothes
2025-01-29,6.021493434906006,P037,Clothes
2025-01-30,6.021511554718018,P037,Clothes
2024-12-28,2.153266223694113,P038,Utilities
2024-12-29,2.4839281511552787,P038,Utilities
2024-12-30,2.101590144539548,P038,Utilities
2024-12-31,2.507730494266897,P038,Utilities
2025-01-01,3.0059477958523755,P038,Utilities
2025-01-02,2.1408298596534774,P038,Utilities
2025-01-03,2.3755951591199738,P038,Utilities
2025-01-04,2.4471338626353556,P038,Utilities
2025-01-05,2.412450295262765,P038,Utilities
2025-01-06,2.5011949183240203,P038,Utilities
2025-01-07,2.4930327976357636,P038,Utilities
2025-01-08,2.3800634921847483,P038,Utilities
2025-01-09,2.4324528529840306,P038,Utilities
2025-01-10,2.4462650061754356,P038,Utilities
2025-01-11,2.443784299350523,P038,Utilities
2025-01-12,2.453196631584544,P038,Utilities
2025-01-13,2.4415687237172548,P038,Utilities
2025-01-14,2.430118863933375,P038,Utilities
2025-01-15,2.441273347464839,P038,Utilities
2025-01-16,2.443239152677305,P038,Utilities
2025-01-17,2.4424341652491752,P038,Utilities
2025-01-18,2.4424222200719066,P038,Utilities
2025-01-19,2.4398673478772386,P038,Utilities
2025-01-20,2.4394810698343354,P038,Utilities
2025-01-21,2.441578142661646,P038,Utilities
2025-01-22,2.4416389797355396,P038,Utilities
2025-01-23,2.4412870129267192,P038,Utilities
2025-01-24,2.441060193868396,P038,Utilities
2025-01-25,2.4407300536225405,P038,Utilities
2025-01-26,2.4409221450019607,P038,Utilities
2024-12-29,8.482315284908127,P039,Cold Beverages
2024-12-30,6.566751371625667,P039,Cold Beverages
2024-12-31,7.002415851706733,P039,Cold Beverages
2025-01-01,5.478937215589584,P039,Cold Beverages
2025-01-02,6.402292490401732,P039,Cold Beverages
2025-01-03,6.358277656421489,P039,Cold Beverages
2025-01-04,5.548607208056185,P039,Cold Beverages
2025-01-05,7.58398492421013,P039,Cold Beverages
2025-01-06,5.6172974915942335,P039,Cold Beverages
2025-01-07,6.021075385210824,P039,Cold Beverages
2025-01-08,4.486063799824638,P039,Cold Beverages
2025-01-09,5.418842245710957,P039,Cold Beverages
2025-01-10,5.4052673735592265,P039,Cold Beverages
2025-01-11,4.64655977475933,P039,Cold Beverages
2025-01-12,6.752377465034826,P039,Cold Beverages
2025-01-13,4.874027901427089,P039,Cold Beverages
2025-01-14,5.381962694376211,P039,Cold Beverages
2025-01-15,3.9643971189756675,P039,Cold Beverages
2025-01-16,5.02499191519121,P039,Cold Beverages
2025-01-17,5.146370411446968,P039,Cold Beverages
2025-01-18,4.526289819468583,P039,Cold Beverages
2025-01-19,6.7708071917276405,P039,Cold Beverages
2025-01-20,5.0275894158574355,P039,Cold Beverages
2025-01-21,5.663508741923367,P039,Cold Beverages
2025-01-22,4.363363162538618,P039,Cold Beverages
2025-01-23,5.5276563128473555,P039,Cold Beverages
2025-01-24,5.736207142049119,P039,Cold Beverages
2025-01-25,5.18440554164504,P039,Cold Beverages
2025-01-26,7.476451955141475,P039,Cold Beverages
2025-01-27,5.758728145619436,P039,Cold Beverages
2024-12-30,9.68251353552226,P040,Sweets
2024-12-31,12.540602746857832,P040,Sweets
2025-01-01,8.963514528320145,P040,Sweets
2025-01-02,10.503607215152563,P040,Sweets
2025-01-03,8.957779141328311,P040,Sweets
2025-01-04,9.821530271952664,P040,Sweets
2025-01-05,9.855971007462966,P040,Sweets
2025-01-06,10.469673995826945,P040,Sweets
2025-01-07,9.584078292982259,P040,Sweets
2025-01-08,9.952936213197674,P040,Sweets
2025-01-09,9.681104836490945,P040,Sweets
2025-01-10,9.940379477646022,P040,Sweets
2025-01-11,9.862149291131306,P040,Sweets
2025-01-12,9.99399062448501,P040,Sweets
2025-01-13,9.790098438307927,P040,Sweets
2025-01-14,9.889658440237772,P040,Sweets
2025-01-15,9.836118091020653,P040,Sweets
2025-01-16,9.902854491195864,P040,Sweets
2025-01-17,9.866144634610341,P040,Sweets
2025-01-18,9.896660489430916,P040,Sweets
2025-01-19,9.851837892755862,P040,Sweets
2025-01-20,9.879072518754127,P040,Sweets
2025-01-21,9.866454141521558,P040,Sweets
2025-01-22,9.882391317778762,P040,Sweets
2025-01-23,9.870308571968524,P040,Sweets
2025-01-24,9.87807875803045,P040,Sweets
2025-01-25,9.868405102767447,P040,Sweets
2025-01-26,9.875608590388573,P040,Sweets
2025-01-27,9.872177528288363,P040,Sweets
2025-01-28,9.875890787212956,P040,Sweets
